filename,width,height,class,xmin,ymin,xmax,ymax
frame0.jpg,1920,1080,motor,663,477,821,756
frame0.jpg,1920,1080,motor,1106,561,1310,926
frame0.jpg,1920,1080,motor,1457,530,1682,805
frame0.jpg,1920,1080,motor,680,193,723,289
frame0.jpg,1920,1080,motor,598,152,678,218
frame0.jpg,1920,1080,motor,721,122,782,173
frame11.jpg,1920,1080,motor,437,279,506,422
frame11.jpg,1920,1080,motor,512,267,584,408
frame11.jpg,1920,1080,motor,376,154,419,224
frame11.jpg,1920,1080,motor,421,148,466,223
frame11.jpg,1920,1080,motor,804,167,865,247
frame11.jpg,1920,1080,motor,879,317,980,472
frame11.jpg,1920,1080,motor,785,312,869,465
frame11.jpg,1920,1080,motor,673,284,749,437
frame11.jpg,1920,1080,motor,717,198,751,282
frame11.jpg,1920,1080,bus,459,122,834,229
frame12.jpg,1920,1080,motor,878,379,990,597
frame12.jpg,1920,1080,motor,419,212,461,318
frame12.jpg,1920,1080,motor,519,238,561,356
frame12.jpg,1920,1080,motor,637,265,704,403
frame12.jpg,1920,1080,motor,755,175,810,259
frame12.jpg,1920,1080,motor,608,122,666,181
frame12.jpg,1920,1080,car,1025,429,1493,668
frame12.jpg,1920,1080,car,716,320,1016,486
frame12.jpg,1920,1080,car,745,122,972,200
frame13.jpg,1920,1080,motor,788,436,943,677
frame13.jpg,1920,1080,motor,1308,532,1553,808
frame13.jpg,1920,1080,motor,561,263,625,412
frame13.jpg,1920,1080,motor,490,216,529,318
frame13.jpg,1920,1080,motor,419,210,457,320
frame13.jpg,1920,1080,motor,572,165,655,238
frame13.jpg,1920,1080,motor,668,132,733,189
frame13.jpg,1920,1080,motor,637,259,704,405
frame13.jpg,1920,1080,motor,635,257,702,403
frame13.jpg,1920,1080,car,1027,395,1456,650
frame13.jpg,1920,1080,car,718,316,1009,477
frame14.jpg,1920,1080,motor,1113,516,1254,784
frame14.jpg,1920,1080,motor,1004,466,1097,661
frame14.jpg,1920,1080,motor,797,368,915,545
frame14.jpg,1920,1080,motor,650,311,723,452
frame14.jpg,1920,1080,motor,581,275,640,397
frame14.jpg,1920,1080,motor,540,263,584,364
frame14.jpg,1920,1080,motor,420,218,470,320
frame14.jpg,1920,1080,motor,1049,339,1136,447
frame14.jpg,1920,1080,motor,484,220,525,325
frame14.jpg,1920,1080,motor,986,281,1043,373
frame14.jpg,1920,1080,car,734,323,1015,479
frame14.jpg,1920,1080,car,1018,429,1490,638
frame20.jpg,1920,1080,motor,400,359,484,571
frame20.jpg,1920,1080,motor,1290,367,1415,548
frame20.jpg,1920,1080,motor,814,179,845,273
frame20.jpg,1920,1080,motor,421,232,480,357
frame20.jpg,1920,1080,motor,614,118,674,173
frame20.jpg,1920,1080,car,1307,527,1891,832
frame20.jpg,1920,1080,car,743,332,1052,472
frame20.jpg,1920,1080,car,488,250,682,357
frame21.jpg,1920,1080,motor,780,242,851,367
frame21.jpg,1920,1080,motor,443,179,478,263
frame21.jpg,1920,1080,motor,694,210,743,316
frame21.jpg,1920,1080,car,457,327,816,613
frame21.jpg,1920,1080,car,823,347,1145,522
frame21.jpg,1920,1080,car,499,231,645,314
frame22.jpg,1920,1080,motor,419,381,502,573
frame22.jpg,1920,1080,motor,510,356,586,550
frame22.jpg,1920,1080,motor,706,401,827,616
frame22.jpg,1920,1080,motor,896,471,1063,773
frame22.jpg,1920,1080,motor,1059,720,1306,1080
frame22.jpg,1920,1080,motor,457,124,512,177
frame22.jpg,1920,1080,car,590,229,815,372
frame22.jpg,1920,1080,car,356,206,518,316
frame25.jpg,1920,1080,motor,482,467,555,712
frame25.jpg,1920,1080,motor,998,44,1029,114
frame25.jpg,1920,1080,motor,831,112,868,206
frame25.jpg,1920,1080,motor,725,161,761,267
frame25.jpg,1920,1080,motor,1227,287,1294,473
frame25.jpg,1920,1080,motor,1623,679,1784,983
frame25.jpg,1920,1080,motor,1096,157,1125,269
frame25.jpg,1920,1080,motor,1155,30,1184,97
frame25.jpg,1920,1080,motor,1063,114,1092,208
frame25.jpg,1920,1080,car,834,186,993,368
frame25.jpg,1920,1080,motor,1475,407,1581,593
frame26.jpg,1920,1080,motor,631,469,714,734
frame26.jpg,1920,1080,motor,776,399,847,634
frame26.jpg,1920,1080,motor,961,420,1053,667
frame26.jpg,1920,1080,motor,857,295,929,493
frame26.jpg,1920,1080,motor,737,97,788,191
frame26.jpg,1920,1080,motor,1051,116,1082,212
frame26.jpg,1920,1080,motor,1082,56,1112,138
frame26.jpg,1920,1080,motor,1143,46,1163,116
frame26.jpg,1920,1080,car,1097,668,1744,1080
frame26.jpg,1920,1080,car,1184,420,1615,706
frame26.jpg,1920,1080,motor,1170,298,1232,427
frame26.jpg,1920,1080,motor,1174,222,1234,304
frame27.jpg,1920,1080,motor,798,293,868,487
frame27.jpg,1920,1080,motor,770,140,814,257
frame27.jpg,1920,1080,motor,1066,156,1110,263
frame27.jpg,1920,1080,motor,1129,322,1186,499
frame27.jpg,1920,1080,motor,1286,363,1366,567
frame27.jpg,1920,1080,motor,1135,138,1176,232
frame27.jpg,1920,1080,motor,1014,20,1043,85
frame27.jpg,1920,1080,motor,1066,6,1092,65
frame27.jpg,1920,1080,car,957,84,1057,193
frame27.jpg,1920,1080,motor,473,304,550,443
frame28.jpg,1920,1080,motor,772,116,804,222
frame28.jpg,1920,1080,motor,865,48,896,124
frame28.jpg,1920,1080,motor,806,183,847,318
frame28.jpg,1920,1080,motor,1129,275,1192,446
frame28.jpg,1920,1080,motor,970,42,998,116
frame28.jpg,1920,1080,motor,1019,85,1053,171
frame28.jpg,1920,1080,motor,1094,57,1119,124
frame28.jpg,1920,1080,motor,1151,108,1188,191
frame28.jpg,1920,1080,motor,1043,752,1189,1080
frame28.jpg,1920,1080,motor,1612,659,1788,961
frame28.jpg,1920,1080,motor,1265,464,1373,673
frame28.jpg,1920,1080,motor,481,295,552,450
frame29.jpg,1920,1080,motor,741,214,794,371
frame29.jpg,1920,1080,motor,872,152,908,259
frame29.jpg,1920,1080,motor,882,275,941,459
frame29.jpg,1920,1080,motor,1080,99,1114,193
frame29.jpg,1920,1080,motor,1115,65,1139,138
frame29.jpg,1920,1080,motor,1425,479,1533,708
frame37.jpg,1920,1080,motor,627,303,696,512
frame37.jpg,1920,1080,motor,725,179,778,318
frame37.jpg,1920,1080,motor,1161,199,1212,326
frame37.jpg,1920,1080,motor,1084,14,1104,63
frame37.jpg,1920,1080,truck,800,195,1141,548
frame38.jpg,1920,1080,motor,729,156,765,281
frame38.jpg,1920,1080,motor,794,187,833,301
frame38.jpg,1920,1080,motor,863,154,898,275
frame38.jpg,1920,1080,motor,776,303,837,489
frame38.jpg,1920,1080,motor,859,456,949,716
frame38.jpg,1920,1080,motor,1037,567,1141,871
frame38.jpg,1920,1080,motor,1372,383,1455,583
frame38.jpg,1920,1080,motor,1006,44,1031,116
frame38.jpg,1920,1080,motor,1072,10,1092,67
frame38.jpg,1920,1080,motor,886,71,915,154
frame38.jpg,1920,1080,motor,935,56,968,128
frame38.jpg,1920,1080,car,1004,216,1179,368
frame39.jpg,1920,1080,motor,686,218,737,356
frame39.jpg,1920,1080,motor,792,220,833,377
frame39.jpg,1920,1080,motor,827,379,910,618
frame39.jpg,1920,1080,motor,1166,656,1341,1044
frame39.jpg,1920,1080,motor,839,93,880,197
frame39.jpg,1920,1080,motor,945,44,972,122
frame39.jpg,1920,1080,motor,1059,20,1084,83
frame39.jpg,1920,1080,motor,1108,103,1143,185
frame39.jpg,1920,1080,truck,1013,197,1302,479
frame39.jpg,1920,1080,motor,911,752,1117,1080
frame44.jpg,1920,1080,motor,480,420,576,648
frame44.jpg,1920,1080,motor,561,371,647,579
frame44.jpg,1920,1080,motor,1202,634,1449,1024
frame44.jpg,1920,1080,car,784,323,1150,545
frame44.jpg,1920,1080,motor,1765,536,1916,800
frame44.jpg,1920,1080,car,549,254,745,368
frame44.jpg,1920,1080,car,336,227,486,338
frame44.jpg,1920,1080,truck,274,123,534,218
frame45.jpg,1920,1080,motor,343,306,402,467
frame45.jpg,1920,1080,motor,404,277,468,428
frame45.jpg,1920,1080,motor,659,524,806,826
frame45.jpg,1920,1080,motor,866,436,1008,708
frame45.jpg,1920,1080,motor,1274,414,1425,622
frame45.jpg,1920,1080,motor,700,193,737,289
frame45.jpg,1920,1080,car,436,234,629,377
frame45.jpg,1920,1080,truck,481,107,845,229
frame45.jpg,1920,1080,motor,848,318,941,450
frame45.jpg,1920,1080,motor,957,361,1041,520
frame46.jpg,1920,1080,motor,439,303,517,463
frame46.jpg,1920,1080,motor,449,193,484,291
frame46.jpg,1920,1080,motor,343,324,412,499
frame46.jpg,1920,1080,motor,682,318,774,479
frame46.jpg,1920,1080,motor,714,520,868,816
frame46.jpg,1920,1080,motor,1041,510,1243,834
frame46.jpg,1920,1080,motor,865,271,961,422
frame46.jpg,1920,1080,motor,1102,334,1206,506
frame46.jpg,1920,1080,motor,1317,436,1459,669
frame46.jpg,1920,1080,motor,1602,530,1794,785
frame46.jpg,1920,1080,motor,547,231,606,347
frame47.jpg,1920,1080,motor,1008,632,1249,1032
frame47.jpg,1920,1080,motor,1265,614,1521,977
frame47.jpg,1920,1080,motor,1131,422,1288,636
frame47.jpg,1920,1080,motor,1590,477,1761,710
frame47.jpg,1920,1080,motor,819,261,892,399
frame47.jpg,1920,1080,motor,706,191,743,279
frame47.jpg,1920,1080,motor,925,334,1075,516
frame48.jpg,1920,1080,motor,643,314,700,465
frame48.jpg,1920,1080,motor,761,365,825,544
frame48.jpg,1920,1080,motor,896,428,996,679
frame48.jpg,1920,1080,motor,1047,491,1194,846
frame48.jpg,1920,1080,motor,855,322,894,446
frame48.jpg,1920,1080,motor,896,306,929,416
frame48.jpg,1920,1080,motor,935,303,966,401
frame48.jpg,1920,1080,motor,1014,305,1053,401
frame48.jpg,1920,1080,motor,1112,332,1157,440
frame48.jpg,1920,1080,motor,1351,654,1600,1080
frame48.jpg,1920,1080,car,527,647,1166,1080
frame48.jpg,1920,1080,car,981,231,1052,338
frame49.jpg,1920,1080,motor,741,287,772,379
frame49.jpg,1920,1080,motor,792,283,825,373
frame49.jpg,1920,1080,motor,982,503,1110,806
frame49.jpg,1920,1080,motor,1251,561,1417,926
frame49.jpg,1920,1080,motor,980,279,1006,346
frame49.jpg,1920,1080,motor,1080,287,1112,363
frame49.jpg,1920,1080,motor,1127,306,1161,385
frame49.jpg,1920,1080,car,859,243,975,393
frame49.jpg,1920,1080,car,511,632,1203,1080
frame49.jpg,1920,1080,motor,1561,775,1840,1080
frame50.jpg,1920,1080,motor,855,422,949,667
frame50.jpg,1920,1080,motor,784,293,815,395
frame50.jpg,1920,1080,motor,1353,467,1453,683
frame50.jpg,1920,1080,motor,1190,289,1217,348
frame50.jpg,1920,1080,motor,1117,261,1137,308
frame50.jpg,1920,1080,car,520,643,1204,1080
frame50.jpg,1920,1080,car,829,277,1072,548
frame50.jpg,1920,1080,motor,1591,768,1854,1080
frame50.jpg,1920,1080,motor,1295,423,1368,564
frame51.jpg,1920,1080,motor,676,334,735,487
frame51.jpg,1920,1080,motor,984,271,1012,340
frame51.jpg,1920,1080,motor,1182,728,1384,1080
frame51.jpg,1920,1080,motor,1100,395,1188,599
frame51.jpg,1920,1080,motor,1066,246,1086,295
frame51.jpg,1920,1080,truck,832,352,1006,545
frame51.jpg,1920,1080,car,536,629,1144,1080
frame52.jpg,1920,1080,motor,792,346,865,518
frame52.jpg,1920,1080,motor,1233,469,1365,710
frame52.jpg,1920,1080,motor,1068,346,1123,479
frame52.jpg,1920,1080,motor,1182,279,1204,338
frame52.jpg,1920,1080,motor,1131,281,1155,340
frame52.jpg,1920,1080,car,525,634,1199,1080
frame52.jpg,1920,1080,motor,1598,532,1804,820
frame54.jpg,1920,1080,motor,610,305,694,426
frame54.jpg,1920,1080,motor,841,312,892,444
frame54.jpg,1920,1080,motor,1157,346,1202,465
frame54.jpg,1920,1080,motor,992,312,1035,416
frame54.jpg,1920,1080,motor,1102,320,1141,416
frame54.jpg,1920,1080,car,532,634,1190,1080
frame54.jpg,1920,1080,motor,1736,661,1909,973
frame55.jpg,1920,1080,motor,712,299,770,414
frame55.jpg,1920,1080,motor,1165,377,1221,530
frame55.jpg,1920,1080,motor,1039,352,1092,487
frame55.jpg,1920,1080,motor,1100,318,1141,422
frame55.jpg,1920,1080,motor,898,283,925,365
frame55.jpg,1920,1080,car,534,647,1174,1080
frame56.jpg,1920,1080,motor,715,289,763,395
frame56.jpg,1920,1080,motor,898,283,929,365
frame56.jpg,1920,1080,car,986,341,1145,504
frame56.jpg,1920,1080,car,502,650,1195,1080
frame61.jpg,1920,1080,motor,302,306,363,477
frame61.jpg,1920,1080,motor,763,291,835,477
frame61.jpg,1920,1080,motor,390,199,429,285
frame61.jpg,1920,1080,motor,402,132,423,175
frame61.jpg,1920,1080,car,520,311,722,495
frame61.jpg,1920,1080,truck,470,195,566,302
frame61.jpg,1920,1080,car,588,159,659,213
frame62.jpg,1920,1080,motor,384,354,463,557
frame62.jpg,1920,1080,motor,417,275,474,395
frame62.jpg,1920,1080,motor,429,167,459,244
frame62.jpg,1920,1080,motor,514,183,555,259
frame62.jpg,1920,1080,truck,531,281,772,511
frame62.jpg,1920,1080,car,788,609,1449,1080
frame63.jpg,1920,1080,motor,482,305,537,489
frame63.jpg,1920,1080,truck,818,511,1511,1034
frame66.jpg,1920,1080,motor,408,234,451,352
frame66.jpg,1920,1080,motor,366,171,400,248
frame66.jpg,1920,1080,motor,480,177,508,254
frame67.jpg,1920,1080,motor,643,357,729,593
frame67.jpg,1920,1080,motor,427,267,480,424
frame67.jpg,1920,1080,motor,521,234,566,357
frame67.jpg,1920,1080,motor,363,212,404,320
frame67.jpg,1920,1080,motor,439,138,457,181
frame67.jpg,1920,1080,motor,382,132,400,179
frame67.jpg,1920,1080,motor,906,450,1084,777
frame68.jpg,1920,1080,motor,329,332,396,540
frame68.jpg,1920,1080,motor,686,391,790,644
frame68.jpg,1920,1080,motor,812,448,933,738
frame68.jpg,1920,1080,motor,1088,579,1425,1028
frame68.jpg,1920,1080,motor,488,201,525,297
frame68.jpg,1920,1080,motor,382,157,404,222
frame68.jpg,1920,1080,motor,419,159,443,226
frame68.jpg,1920,1080,motor,449,146,474,195
frame69.jpg,1920,1080,motor,676,452,782,757
frame69.jpg,1920,1080,motor,904,452,1119,726
frame69.jpg,1920,1080,motor,415,154,439,214
frame69.jpg,1920,1080,motor,755,212,798,324
frame69.jpg,1920,1080,motor,484,138,504,183
frame69.jpg,1920,1080,car,443,193,531,277
frame70.jpg,1920,1080,motor,425,224,468,340
frame70.jpg,1920,1080,motor,394,132,414,173
frame70.jpg,1920,1080,motor,553,154,578,218
frame70.jpg,1920,1080,car,572,373,875,632
frame70.jpg,1920,1080,car,436,157,490,215
frame71.jpg,1920,1080,motor,802,585,1017,1054
frame71.jpg,1920,1080,motor,427,159,453,224
frame71.jpg,1920,1080,motor,412,132,425,175
frame71.jpg,1920,1080,motor,480,126,500,175
frame71.jpg,1920,1080,car,466,216,570,307
frame72.jpg,1920,1080,motor,453,242,506,381
frame72.jpg,1920,1080,motor,696,218,743,334
frame72.jpg,1920,1080,motor,425,177,449,257
frame72.jpg,1920,1080,motor,394,140,415,191
frame72.jpg,1920,1080,car,704,504,1229,918
frame73.jpg,1920,1080,motor,759,591,959,1075
frame73.jpg,1920,1080,motor,486,338,553,552
frame73.jpg,1920,1080,motor,523,236,568,379
frame73.jpg,1920,1080,motor,390,183,419,261
frame73.jpg,1920,1080,motor,468,171,498,244
frame73.jpg,1920,1080,motor,417,161,441,226
frame74.jpg,1920,1080,motor,365,338,429,540
frame74.jpg,1920,1080,motor,657,326,739,546
frame74.jpg,1920,1080,motor,468,226,508,338
frame74.jpg,1920,1080,motor,421,167,443,232
frame74.jpg,1920,1080,motor,470,157,496,226
frame75.jpg,1920,1080,motor,466,299,527,491
frame75.jpg,1920,1080,motor,523,189,561,289
frame75.jpg,1920,1080,motor,445,189,482,279
frame75.jpg,1920,1080,motor,447,252,494,381
frame76.jpg,1920,1080,motor,412,281,466,450
frame76.jpg,1920,1080,motor,494,248,535,379
frame76.jpg,1920,1080,motor,700,381,825,654
frame76.jpg,1920,1080,motor,1063,510,1306,930
frame76.jpg,1920,1080,motor,382,195,406,277
frame76.jpg,1920,1080,motor,449,187,484,269
frame77.jpg,1920,1080,motor,472,416,559,687
frame77.jpg,1920,1080,motor,608,316,678,505
frame77.jpg,1920,1080,car,427,170,499,231
frame78.jpg,1920,1080,motor,808,589,1204,948
frame78.jpg,1920,1080,motor,335,269,382,416
frame78.jpg,1920,1080,motor,453,169,482,242
frame78.jpg,1920,1080,motor,598,179,629,259
frame78.jpg,1920,1080,motor,410,140,431,189
frame78.jpg,1920,1080,car,445,270,613,397
frame79.jpg,1920,1080,motor,449,467,559,793
frame79.jpg,1920,1080,motor,823,508,988,873
frame79.jpg,1920,1080,motor,425,189,455,269
frame79.jpg,1920,1080,motor,878,322,947,501
frame79.jpg,1920,1080,motor,1004,379,1114,599
frame79.jpg,1920,1080,motor,1168,456,1333,724
frame79.jpg,1920,1080,motor,735,228,780,350
frame79.jpg,1920,1080,motor,645,254,714,399
frame79.jpg,1920,1080,motor,394,152,417,206
frame79.jpg,1920,1080,motor,1488,477,1727,738
frame8.jpg,1920,1080,motor,1684,509,1856,745
frame8.jpg,1920,1080,motor,659,323,741,482
frame8.jpg,1920,1080,motor,802,320,865,450
frame8.jpg,1920,1080,motor,938,336,1034,472
frame8.jpg,1920,1080,motor,502,256,561,377
frame8.jpg,1920,1080,motor,593,281,684,388
frame8.jpg,1920,1080,bus,511,70,907,168
frame8.jpg,1920,1080,car,356,182,511,245
frame8.jpg,1920,1080,car,768,131,998,215
frame80.jpg,1920,1080,motor,451,308,512,477
frame80.jpg,1920,1080,motor,766,256,817,399
frame80.jpg,1920,1080,motor,1127,457,1384,756
frame80.jpg,1920,1080,motor,466,203,504,301
frame80.jpg,1920,1080,motor,421,191,457,285
frame80.jpg,1920,1080,motor,523,165,551,240
frame80.jpg,1920,1080,motor,625,242,678,379
frame80.jpg,1920,1080,motor,404,150,425,203
frame81.jpg,1920,1080,motor,496,318,561,524
frame81.jpg,1920,1080,motor,647,448,780,752
frame81.jpg,1920,1080,motor,423,210,461,310
frame81.jpg,1920,1080,motor,692,234,743,367
frame81.jpg,1920,1080,motor,486,148,514,203
frame81.jpg,1920,1080,motor,568,163,596,238
frame81.jpg,1920,1080,motor,361,142,388,187
frame81.jpg,1920,1080,truck,1618,572,1920,993
frame81.jpg,1920,1080,motor,1415,486,1584,770
frame82.jpg,1920,1080,motor,392,242,445,375
frame82.jpg,1920,1080,motor,380,130,396,179
frame82.jpg,1920,1080,motor,847,554,1035,959
frame82.jpg,1920,1080,motor,753,281,825,432
frame82.jpg,1920,1080,truck,575,195,686,318
frame83.jpg,1920,1080,motor,415,179,443,257
frame83.jpg,1920,1080,motor,392,146,415,208
frame83.jpg,1920,1080,motor,514,159,541,224
frame84.jpg,1920,1080,motor,433,208,474,328
frame84.jpg,1920,1080,motor,790,459,963,810
frame85.jpg,1920,1080,motor,551,271,615,430
frame85.jpg,1920,1080,motor,1106,350,1219,575
frame85.jpg,1920,1080,motor,927,671,1192,1080
frame85.jpg,1920,1080,truck,391,106,448,168
frame86.jpg,1920,1080,motor,410,226,459,350
frame86.jpg,1920,1080,motor,531,224,572,348
frame86.jpg,1920,1080,motor,633,246,698,383
frame86.jpg,1920,1080,motor,359,328,423,518
frame86.jpg,1920,1080,motor,333,201,361,289
frame86.jpg,1920,1080,car,604,393,809,672
frame86.jpg,1920,1080,truck,834,314,1893,1080
frame86.jpg,1920,1080,car,447,148,520,215
frame86.jpg,1920,1080,car,359,177,420,223
frame86.jpg,1920,1080,car,586,159,657,218
frame87.jpg,1920,1080,motor,137,391,290,640
frame87.jpg,1920,1080,motor,365,212,402,305
frame87.jpg,1920,1080,car,463,195,566,300
frame87.jpg,1920,1080,motor,965,770,1245,1080
frame88.jpg,1920,1080,motor,357,303,425,487
frame88.jpg,1920,1080,motor,476,159,504,230
frame88.jpg,1920,1080,motor,539,236,592,348
frame88.jpg,1920,1080,motor,537,157,570,226
frame88.jpg,1920,1080,car,518,332,882,684
frame88.jpg,1920,1080,car,366,170,420,232
frame88.jpg,1920,1080,car,593,163,661,218
frame89.jpg,1920,1080,motor,457,193,494,295
frame89.jpg,1920,1080,motor,547,295,614,475
frame89.jpg,1920,1080,motor,441,138,461,189
frame89.jpg,1920,1080,car,365,168,432,238
frame89.jpg,1920,1080,car,590,159,665,213
frame89.jpg,1920,1080,motor,1429,489,1620,752
image.jpg,259,194,car,71,30,220,151
image1.jpg,300,168,car,48,46,221,124
image10.jpg,341,148,car,169,60,335,143
image10.jpg,341,148,car,8,49,104,107
image10.jpg,341,148,car,78,52,195,122
image101.jpg,276,182,car,38,41,241,144
image102.jpg,275,183,car,14,27,250,167
image103.jpg,277,182,car,20,34,256,146
image104.jpg,299,168,car,45,27,249,165
image105.jpg,259,194,car,21,58,232,161
image106.jpg,276,182,car,39,34,239,148
image107.jpg,1000,600,car,106,38,819,547
image108.jpg,1600,1200,car,116,311,1420,1018
image109.jpg,275,183,car,59,49,248,150
image11.jpg,300,168,car,11,31,215,152
image110.jpg,1200,630,car,111,95,1100,563
image117.jpg,267,188,motor,97,14,196,176
image117.jpg,267,188,motor,54,32,88,82
image118.jpg,640,443,motor,507,40,552,183
image118.jpg,640,443,motor,599,65,640,190
image118.jpg,640,443,motor,251,1,428,428
image119.jpg,293,172,motor,63,7,221,165
image12.jpg,284,178,car,75,49,195,142
image120.jpg,500,391,motor,67,73,202,191
image120.jpg,500,391,motor,346,75,440,163
image121.jpg,1200,800,motor,471,71,920,790
image121.jpg,1200,800,motor,238,171,419,441
image122.jpg,275,183,motor,100,27,173,183
image122.jpg,275,183,car,192,37,265,103
image122.jpg,275,183,motor,73,44,109,130
image123.jpg,300,168,motor,59,1,205,162
image124.jpg,300,168,motor,139,19,258,150
image125.jpg,225,225,motor,64,20,143,191
image126.jpg,480,360,motor,109,28,367,342
image127.jpg,1280,720,motor,281,98,767,686
image128.jpg,282,178,motor,63,26,112,135
image128.jpg,282,178,motor,148,24,205,130
image129.jpg,2048,1365,motor,614,243,1403,999
image13.jpg,290,174,car,74,57,202,167
image14.jpg,290,174,car,94,67,254,144
image15.jpg,282,179,car,127,63,260,148
image15.jpg,282,179,car,32,65,124,146
image17.jpg,640,401,car,479,91,640,324
image17.jpg,640,401,car,218,103,479,304
image17.jpg,640,401,car,41,107,237,290
image18.jpg,1200,800,car,136,56,981,759
image19.jpg,1440,763,car,728,346,1151,698
image19.jpg,1440,763,car,334,330,634,614
image2.jpg,287,176,car,50,17,265,148
image20.jpg,1280,720,car,650,89,835,174
image20.jpg,1280,720,car,829,68,973,148
image20.jpg,1280,720,car,300,192,500,286
image20.jpg,1280,720,car,532,224,758,407
image209.jpg,650,430,bus,136,41,603,385
image21.jpg,630,420,car,51,75,562,381
image210.jpg,500,375,bus,77,68,416,335
image211.jpg,260,194,bus,38,33,233,171
image212.jpg,275,183,bus,62,63,198,174
image212.jpg,275,183,car,5,107,28,129
image212.jpg,275,183,car,199,105,248,141
image213.jpg,2000,1333,bus,350,428,1476,1201
image213.jpg,2000,1333,bus,56,732,224,950
image213.jpg,2000,1333,motor,266,830,318,994
image213.jpg,2000,1333,motor,219,842,252,954
image213.jpg,2000,1333,motor,1611,798,1883,1202
image214.jpg,276,183,bus,18,60,192,146
image215.jpg,1000,690,bus,102,263,854,598
image215.jpg,1000,690,motor,61,418,103,528
image216.jpg,270,187,bus,53,60,163,146
image216.jpg,270,187,bus,160,66,201,138
image216.jpg,270,187,car,203,98,253,134
image216.jpg,270,187,motor,7,103,22,141
image217.jpg,285,177,bus,83,71,282,155
image217.jpg,285,177,bus,33,49,119,80
image217.jpg,285,177,motor,17,126,55,158
image217.jpg,285,177,motor,70,125,100,160
image217.jpg,285,177,motor,43,92,74,121
image217.jpg,285,177,motor,23,96,42,120
image217.jpg,285,177,motor,118,155,153,177
image218.jpg,260,194,bus,23,19,203,183
image219.jpg,640,480,bus,198,13,639,442
image219.jpg,640,480,motor,123,243,199,368
image22.jpg,860,645,car,87,146,818,577
image220.jpg,490,307,bus,102,13,402,291
image221.jpg,600,388,bus,142,51,448,307
image221.jpg,600,388,car,472,165,541,220
image222.png,690,517,bus,27,67,620,415
image223.jpg,281,179,bus,50,46,112,108
image223.jpg,281,179,car,113,137,173,179
image223.jpg,281,179,car,141,78,180,113
image223.jpg,281,179,motor,118,80,131,116
image223.jpg,281,179,motor,177,136,200,179
image224.jpg,600,395,bus,186,189,483,331
image224.jpg,600,395,bus,1,170,175,328
image224.jpg,600,395,motor,498,259,547,303
image226.jpg,300,168,bus,39,31,290,149
image227.jpg,640,480,bus,27,106,640,382
image228.png,0,0,bus,48,30,537,365
image228.png,0,0,motor,543,208,604,335
image228.png,0,0,motor,1,198,55,379
image229.jpg,665,443,bus,47,46,444,383
image229.jpg,665,443,bus,441,227,534,299
image23.jpg,860,645,car,36,91,836,563
image230.jpg,319,158,bus,7,14,291,145
image231.jpg,650,450,bus,117,183,323,348
image231.jpg,650,450,bus,318,181,465,345
image232.jpg,283,178,bus,136,40,210,135
image232.jpg,283,178,car,212,86,246,119
image232.jpg,283,178,car,102,90,126,112
image233.jpg,640,480,bus,79,33,587,364
image234.jpg,275,183,bus,56,56,150,146
image234.jpg,275,183,bus,148,69,210,116
image234.jpg,275,183,bus,218,73,255,108
image235.jpg,1024,576,bus,70,292,779,521
image236.jpg,4546,2857,bus,2840,137,3686,1059
image236.jpg,4546,2857,bus,801,492,1743,1783
image236.jpg,4546,2857,bus,2792,1365,4525,2857
image236.jpg,4546,2857,motor,1419,1883,1768,2768
image236.jpg,4546,2857,motor,1262,25,1556,416
image236.jpg,4546,2857,motor,2140,7,2328,340
image236.jpg,4546,2857,motor,1968,322,2168,780
image236.jpg,4546,2857,motor,2231,307,2471,747
image236.jpg,4546,2857,motor,2356,740,2574,1080
image236.jpg,4546,2857,motor,2053,962,2359,1504
image236.jpg,4546,2857,motor,2283,1359,2528,1983
image236.jpg,4546,2857,motor,1980,1986,2362,2695
image237.jpg,298,169,bus,28,11,138,161
image237.jpg,298,169,car,159,98,291,169
image238.jpg,1280,720,container,18,119,1239,645
image239.jpg,1280,720,container,166,96,1071,626
image239.jpg,1280,720,container,1113,325,1219,479
image24.jpg,860,645,car,87,98,775,567
image240.jpg,700,394,container,72,61,681,303
image241.jpg,318,159,container,37,22,236,145
image241.jpg,318,159,container,246,73,271,103
image242.jpg,680,453,container,92,111,618,381
image242.jpg,680,453,motor,25,258,111,439
image243.jpg,490,368,container,12,66,457,321
image244.jpg,600,400,container,65,93,478,361
image244.jpg,600,400,truck,1,223,33,292
image245.jpg,275,183,container,25,4,186,155
image248.jpg,4128,3096,container,1699,574,2759,2258
image248.jpg,4128,3096,motor,3155,1531,3532,2158
image248.jpg,4128,3096,motor,2785,1538,2935,1888
image250.jpg,298,169,car,62,97,110,138
image250.jpg,298,169,container,125,19,211,139
image251.jpg,432,281,container,99,93,207,211
image251.jpg,432,281,container,211,89,304,200
image251.jpg,432,281,container,297,90,393,182
image252.jpg,300,168,container,59,24,211,145
image252.jpg,300,168,container,1,70,33,119
image254.jpg,283,178,bus,31,39,251,146
image255.jpg,300,168,bus,86,4,223,151
image255.jpg,300,168,bus,1,45,69,139
image256.jpg,1000,570,bus,150,87,451,488
image256.jpg,1000,570,bus,450,167,578,391
image257.jpg,300,168,bus,68,9,182,140
image258.jpg,297,170,bus,52,17,274,134
image259.jpg,297,170,bus,47,62,141,169
image259.jpg,297,170,motor,51,18,77,49
image259.jpg,297,170,motor,100,7,120,27
image259.jpg,297,170,motor,81,31,94,58
image260.jpg,259,194,bus,25,41,198,146
image261.jpg,259,194,bus,128,12,259,165
image261.jpg,259,194,car,8,72,125,158
image262.jpg,290,174,bus,34,78,250,169
image263.jpg,660,412,motor,54,195,124,382
image263.jpg,660,412,motor,134,204,192,353
image263.jpg,660,412,motor,225,207,349,412
image263.jpg,660,412,bus,161,119,532,255
image264.jpg,540,360,bus,102,70,426,236
image265.jpg,1280,720,bus,717,157,1042,451
image267.jpg,303,166,bus,115,55,271,158
image267.jpg,303,166,bus,24,77,70,127
image268.jpg,475,305,bus,75,110,329,253
image268.jpg,475,305,bus,1,125,65,222
image268.jpg,475,305,motor,327,166,371,247
image270.jpg,225,225,container,5,22,224,185
image271.jpg,259,194,container,2,49,259,158
image272.jpg,271,186,bus,1,12,267,178
image273.jpg,804,592,bus,6,12,804,559
image274.jpg,650,400,bus,88,81,528,330
image3.jpg,300,168,car,50,56,250,149
image46.jpg,259,194,motor,1,1,51,88
image46.jpg,259,194,motor,57,1,103,56
image46.jpg,259,194,car,51,32,246,176
image47.jpg,259,194,car,82,61,220,189
image48.jpg,259,194,car,30,48,230,181
image5.jpg,275,183,car,89,50,207,131
image50.jpg,194,260,car,1,59,175,176
image503.jpg,660,440,bus,230,149,402,371
image503.jpg,660,440,car,399,246,449,313
image503.jpg,660,440,motor,155,266,205,351
image503.jpg,660,440,motor,93,264,139,354
image503.jpg,660,440,motor,47,259,88,347
image51.jpg,259,194,car,20,54,205,160
image52.jpg,259,194,car,62,46,200,152
image53.jpg,273,185,car,37,78,189,169
image54.jpg,262,192,car,45,35,241,151
image54.jpg,262,192,car,1,54,48,115
image55.jpg,300,168,car,38,41,236,158
image56.jpg,259,194,car,39,58,116,131
image56.jpg,259,194,car,140,55,239,141
image57.jpg,275,183,car,122,93,239,160
image57.jpg,275,183,car,67,98,108,133
image58.jpg,301,167,car,122,23,301,126
image59.jpg,414,122,car,8,16,203,110
image59.jpg,414,122,car,208,15,408,110
image6.jpg,292,173,car,78,58,230,151
image60.jpg,275,183,car,27,49,123,136
image60.jpg,275,183,car,139,48,250,147
image61.jpg,297,170,car,34,6,276,168
image62.jpg,273,184,car,36,23,211,172
image64.jpg,800,450,car,66,17,684,413
image65.jpg,259,194,car,18,45,246,186
image66.jpg,259,194,car,9,16,252,175
image67.jpg,275,183,car,121,45,243,146
image67.jpg,275,183,car,25,43,124,128
image68.jpg,276,183,car,78,37,265,152
image69.jpg,276,183,car,23,44,231,154
image7.jpg,252,200,car,21,98,123,157
image7.jpg,252,200,car,134,100,232,158
image8.jpg,275,183,car,32,57,256,158
img51.JPG,1920,820,car,957,437,1170,657
img51.JPG,1920,820,car,737,411,924,634
img51.JPG,1920,820,car,1106,292,1275,438
img51.JPG,1920,820,car,1307,464,1605,692
img51.JPG,1920,820,car,271,416,464,587
img51.JPG,1920,820,truck,237,244,518,424
img51.JPG,1920,820,motor,871,298,915,399
img52.JPG,1917,824,car,850,526,1099,795
img52.JPG,1917,824,bus,1045,251,1367,560
img52.JPG,1917,824,truck,1460,286,1820,607
img52.JPG,1917,824,car,760,369,917,532
img52.JPG,1917,824,car,890,264,1002,391
img52.JPG,1917,824,car,714,262,833,378
img52.JPG,1917,824,motor,265,571,377,763
img53.JPG,1920,831,car,1110,334,1301,517
img53.JPG,1920,831,car,906,284,1061,417
img53.JPG,1920,831,car,1202,236,1373,356
img53.JPG,1920,831,motor,955,447,1019,561
img53.JPG,1920,831,motor,1052,416,1111,542
img53.JPG,1920,831,motor,789,420,856,538
img53.JPG,1920,831,motor,759,533,853,690
img53.JPG,1920,831,motor,229,638,350,821
img53.JPG,1920,831,car,1575,481,1903,765
img53.JPG,1920,831,bus,730,170,875,325
img54.JPG,1918,838,car,1274,492,1447,649
img54.JPG,1918,838,car,883,430,1074,587
img54.JPG,1918,838,car,622,535,843,740
img54.JPG,1918,838,car,1279,271,1377,362
img54.JPG,1918,838,car,245,465,491,612
img54.JPG,1918,838,car,778,317,882,417
img54.JPG,1918,838,motor,1096,401,1168,505
img55.JPG,1919,830,bus,1409,303,1679,631
img55.JPG,1919,830,car,893,356,1003,488
img55.JPG,1919,830,car,811,279,903,366
img56.JPG,1920,829,car,1001,448,1238,710
img56.JPG,1920,829,car,1157,337,1379,521
img56.JPG,1920,829,motor,761,406,847,543
img56.JPG,1920,829,motor,864,277,926,357
img57.JPG,1907,865,car,665,405,870,543
img57.JPG,1907,865,truck,758,252,968,420
img57.JPG,1907,865,car,532,250,669,378
img57.JPG,1907,865,motor,470,434,556,548
img57.JPG,1907,865,motor,805,555,908,727
img57.JPG,1907,865,motor,424,325,468,411
img57.JPG,1907,865,motor,342,278,391,350
img58.JPG,1914,831,truck,1220,398,1425,601
img58.JPG,1914,831,car,918,326,1063,453
img58.JPG,1914,831,car,1011,228,1107,306
img58.JPG,1914,831,motor,813,420,884,556
img58.JPG,1914,831,motor,750,502,822,633
img58.JPG,1914,831,motor,686,344,745,444
img59.JPG,1918,834,car,897,303,1068,433
img59.JPG,1918,834,car,675,495,879,691
img59.JPG,1918,834,car,731,254,859,373
img59.JPG,1918,834,car,778,115,840,169
img59.JPG,1918,834,motor,532,595,627,768
img59.JPG,1918,834,motor,417,613,536,806
img59.JPG,1918,834,motor,305,646,401,795
img60.JPG,1920,836,car,583,455,757,610
img60.JPG,1920,836,car,1319,387,1473,538
img60.JPG,1920,836,car,1507,395,1803,514
img60.JPG,1920,836,car,947,282,1059,382
img60.JPG,1920,836,car,859,359,980,486
img60.JPG,1920,836,car,751,487,978,728
img61.JPG,1919,872,car,382,413,606,611
img61.JPG,1919,872,car,714,193,775,240
img61.JPG,1919,872,bus,559,284,997,636
img61.JPG,1919,872,motor,1034,350,1112,469
img61.JPG,1919,872,motor,541,625,678,820
img61.JPG,1919,872,motor,257,445,329,579
img61.JPG,1919,872,motor,405,287,452,365
img61.JPG,1919,872,motor,262,316,325,422
img62.JPG,1916,833,truck,1004,368,1364,753
img62.JPG,1916,833,truck,819,130,941,262
img62.JPG,1916,833,car,748,453,974,686
img62.JPG,1916,833,car,696,182,795,284
img62.JPG,1916,833,motor,844,348,914,458
img62.JPG,1916,833,motor,614,332,678,455
img62.JPG,1916,833,motor,549,305,595,400
img62.JPG,1916,833,motor,594,618,663,782
img62.JPG,1916,833,motor,478,645,573,789
img62.JPG,1916,833,motor,631,222,676,295
img63.JPG,1920,823,car,1000,503,1229,717
img63.JPG,1920,823,car,1332,525,1662,823
img63.JPG,1920,823,car,1029,234,1171,339
img63.JPG,1920,823,car,876,332,1020,467
img63.JPG,1920,823,car,876,202,976,290
img64.JPG,1886,823,car,577,472,879,814
img64.JPG,1886,823,truck,1415,291,1521,410
img64.JPG,1886,823,car,892,286,969,357
img64.JPG,1886,823,car,807,267,877,324
img64.JPG,1886,823,car,780,346,913,450
img65.JPG,1916,830,car,1219,508,1541,807
img65.JPG,1916,830,car,1460,402,1805,629
img65.JPG,1916,830,truck,1083,312,1274,511
img65.JPG,1916,830,car,889,356,1059,513
img65.JPG,1916,830,motor,728,420,787,533
img65.JPG,1916,830,motor,799,369,851,490
img65.JPG,1916,830,motor,664,226,721,304
img66.JPG,1920,876,car,723,472,975,651
img66.JPG,1920,876,truck,900,329,1166,533
img66.JPG,1920,876,truck,514,242,643,381
img66.JPG,1920,876,truck,714,247,905,422
img66.JPG,1920,876,motor,384,356,447,459
img66.JPG,1920,876,motor,455,334,514,430
img67.JPG,1920,817,car,1003,429,1243,659
img67.JPG,1920,817,car,859,267,1000,408
img67.JPG,1920,817,car,756,199,853,277
img67.JPG,1920,817,car,244,510,485,744
img67.JPG,1920,817,motor,906,644,1020,809
img67.JPG,1920,817,motor,1171,328,1246,418
img67.JPG,1920,817,motor,1614,351,1726,479
img68.JPG,1910,833,car,796,563,1082,829
img68.JPG,1910,833,car,745,408,924,550
img68.JPG,1910,833,car,725,305,854,399
img68.JPG,1910,833,car,668,205,766,303
img68.JPG,1910,833,truck,851,195,1052,408
img68.JPG,1910,833,motor,552,489,616,607
img68.JPG,1910,833,motor,551,623,621,785
img68.JPG,1910,833,motor,380,555,459,686
img68.JPG,1910,833,motor,486,412,541,534
img68.JPG,1910,833,motor,637,343,692,435
img68.JPG,1910,833,motor,583,412,636,516
img68.JPG,1910,833,motor,695,590,766,704
img68.JPG,1910,833,motor,438,377,497,479
img68.JPG,1910,833,motor,1133,276,1178,366
img68.JPG,1910,833,motor,1184,255,1232,341
img68.JPG,1910,833,motor,600,262,642,363
img69.JPG,1920,835,motor,756,454,839,587
img69.JPG,1920,835,motor,844,405,892,527
img69.JPG,1920,835,motor,920,460,987,596
img69.JPG,1920,835,motor,989,406,1059,532
img69.JPG,1920,835,motor,983,605,1076,767
img69.JPG,1920,835,motor,1142,337,1209,423
img69.JPG,1920,835,car,1165,423,1412,632
img69.JPG,1920,835,car,1593,518,1920,768
img69.JPG,1920,835,car,1050,246,1188,338
img69.JPG,1920,835,car,912,231,1050,355
img69.JPG,1920,835,motor,389,409,471,536
img70.JPG,1920,841,car,879,391,1006,512
img70.JPG,1920,841,car,880,311,974,385
img70.JPG,1920,841,car,768,257,843,335
img70.JPG,1920,841,car,930,193,1009,267
img70.JPG,1920,841,car,1501,344,1626,434
img70.JPG,1920,841,car,1338,254,1414,309
img70.JPG,1920,841,car,1573,276,1679,350
img70.JPG,1920,841,motor,1006,277,1056,353
img70.JPG,1920,841,car,298,376,503,521
img71.JPG,1920,876,car,987,521,1466,829
img71.JPG,1920,876,car,596,407,930,661
img71.JPG,1920,876,car,539,295,651,374
img71.JPG,1920,876,car,1170,297,1335,381
img71.JPG,1920,876,motor,423,574,494,738
img71.JPG,1920,876,motor,557,701,658,876
img71.JPG,1920,876,motor,466,458,528,579
img72.JPG,1920,828,car,718,265,819,397
img72.JPG,1920,828,car,1174,406,1406,593
img72.JPG,1920,828,car,1157,224,1315,314
img72.JPG,1920,828,car,888,168,1005,235
img72.JPG,1920,828,truck,928,332,1153,598
img72.JPG,1920,828,truck,250,375,532,723
img73.JPG,1918,853,car,969,408,1174,569
img73.JPG,1918,853,car,686,441,837,604
img73.JPG,1918,853,car,865,250,996,378
img73.JPG,1918,853,car,746,347,882,459
img73.JPG,1918,853,car,705,269,806,355
img73.JPG,1918,853,car,684,183,783,265
img73.JPG,1918,853,motor,1320,603,1425,794
img73.JPG,1918,853,motor,743,641,865,835
img73.JPG,1918,853,motor,406,522,492,649
img73.JPG,1918,853,motor,327,655,434,846
img73.JPG,1918,853,motor,508,694,602,850
img73.JPG,1918,853,motor,577,558,642,700
img73.JPG,1918,853,motor,428,376,477,480
img73.JPG,1918,853,motor,504,463,572,576
img74.JPG,1919,828,car,1421,534,1668,747
img74.JPG,1919,828,car,1232,333,1352,425
img74.JPG,1919,828,car,843,361,971,460
img74.JPG,1919,828,car,592,415,809,597
img74.JPG,1919,828,car,711,334,816,415
img74.JPG,1919,828,car,779,277,861,338
img74.JPG,1919,828,car,325,614,606,820
img74.JPG,1919,828,motor,978,583,1160,748
img74.JPG,1919,828,motor,411,446,505,596
img74.JPG,1919,828,motor,666,282,705,368
img74.JPG,1919,828,motor,1084,335,1184,429
img74.JPG,1919,828,motor,1301,429,1414,527
img76.JPG,1912,856,car,890,316,1048,437
img76.JPG,1912,856,car,714,257,865,388
img76.JPG,1912,856,car,997,251,1162,338
img76.JPG,1912,856,truck,1231,228,1462,370
img76.JPG,1912,856,truck,989,491,1562,856
img76.JPG,1912,856,truck,558,219,680,367
img76.JPG,1912,856,motor,652,397,731,503
img76.JPG,1912,856,motor,526,591,635,807
img76.JPG,1912,856,motor,337,551,458,720
img76.JPG,1912,856,motor,428,392,508,512
img76.JPG,1912,856,motor,505,357,561,432
img76.JPG,1912,856,motor,790,516,896,658
img76.JPG,1912,856,motor,840,633,976,812
img77.JPG,1916,850,car,673,477,1005,771
img77.JPG,1916,850,car,926,418,1221,658
img77.JPG,1916,850,truck,727,238,912,399
img77.JPG,1916,850,car,560,304,680,396
img77.JPG,1916,850,car,1024,249,1189,354
img77.JPG,1916,850,truck,1181,212,1386,348
img77.JPG,1916,850,car,374,236,474,329
img78.JPG,1919,838,car,871,398,1052,589
img78.JPG,1919,838,car,1426,561,1648,737
img78.JPG,1919,838,car,910,269,1003,366
img78.JPG,1919,838,car,828,226,889,276
img78.JPG,1919,838,motor,521,396,585,485
img78.JPG,1919,838,motor,385,653,600,810
img78.JPG,1919,838,motor,243,617,380,807
img78.JPG,1919,838,motor,1637,373,1750,484
img78.JPG,1919,838,motor,1839,498,1919,631
img78.JPG,1919,838,bus,634,237,829,458
img79.JPG,1915,872,car,745,507,966,745
img79.JPG,1915,872,car,966,424,1154,605
img79.JPG,1915,872,car,1101,657,1477,872
img79.JPG,1915,872,motor,554,613,674,825
img79.JPG,1915,872,motor,409,642,519,824
img79.JPG,1915,872,motor,448,523,509,629
img79.JPG,1915,872,motor,413,432,471,549
img79.JPG,1915,872,motor,580,361,645,474
img79.JPG,1915,872,motor,667,363,755,492
img79.JPG,1915,872,motor,1095,325,1195,431
img79.JPG,1915,872,truck,827,202,986,381
img80.JPG,1920,833,truck,924,313,1144,570
img80.JPG,1920,833,car,1433,376,1689,589
img80.JPG,1920,833,motor,807,504,896,632
img80.JPG,1920,833,motor,752,386,814,507
img80.JPG,1920,833,motor,669,263,721,359
img80.JPG,1920,833,motor,741,287,787,358
img80.JPG,1920,833,truck,803,200,925,353
img81.JPG,1917,848,car,1073,548,1358,822
img81.JPG,1917,848,car,791,393,967,579
img81.JPG,1917,848,truck,922,313,1125,542
img81.JPG,1917,848,motor,597,547,681,681
img81.JPG,1917,848,motor,511,543,577,702
img81.JPG,1917,848,motor,360,512,427,654
img81.JPG,1917,848,motor,428,412,499,525
img81.JPG,1917,848,motor,524,401,578,507
img81.JPG,1917,848,motor,660,251,714,330
img81.JPG,1917,848,motor,600,298,650,376
img81.JPG,1917,848,motor,561,307,597,385
img81.JPG,1917,848,motor,501,333,540,402
img81.JPG,1917,848,motor,714,693,829,847
img81.JPG,1917,848,motor,1145,413,1220,529
img81.JPG,1917,848,motor,1274,412,1343,545
img81.JPG,1917,848,motor,1390,526,1488,671
img82.JPG,1920,821,motor,739,519,839,655
img82.JPG,1920,821,motor,834,406,898,510
img82.JPG,1920,821,motor,906,373,980,489
img82.JPG,1920,821,car,978,498,1211,712
img82.JPG,1920,821,car,1203,344,1430,517
img82.JPG,1920,821,car,1510,483,1846,739
img82.JPG,1920,821,car,998,228,1120,324
img82.JPG,1920,821,truck,838,167,941,285
img83.JPG,1910,847,car,716,442,984,768
img83.JPG,1910,847,car,911,297,1001,393
img83.JPG,1910,847,car,878,218,970,275
img83.JPG,1910,847,car,1114,229,1238,280
img83.JPG,1910,847,motor,816,302,857,373
img83.JPG,1910,847,motor,530,518,620,634
img83.JPG,1910,847,motor,293,546,396,650
img83.JPG,1910,847,motor,554,429,614,511
img83.JPG,1910,847,motor,614,333,655,405
img83.JPG,1910,847,motor,723,292,778,379
img83.JPG,1910,847,motor,670,360,721,427
img83.JPG,1910,847,truck,1248,269,1355,423
img83.JPG,1910,847,truck,1393,287,1534,466
img83.JPG,1910,847,car,1337,206,1392,252
img84.JPG,1920,835,car,928,553,1155,796
img84.JPG,1920,835,car,1078,347,1269,512
img84.JPG,1920,835,car,1268,342,1473,521
img84.JPG,1920,835,car,1001,240,1166,333
img84.JPG,1920,835,motor,802,300,874,419
img84.JPG,1920,835,motor,705,327,759,436
img84.JPG,1920,835,motor,1433,537,1514,680
img84.JPG,1920,835,motor,1637,476,1711,591
img84.JPG,1920,835,motor,441,290,485,385
img85.JPG,1918,826,car,925,351,1100,492
img85.JPG,1918,826,car,1234,400,1449,563
img85.JPG,1918,826,car,1117,217,1238,291
img85.JPG,1918,826,car,834,226,956,318
img85.JPG,1918,826,car,875,163,981,236
img85.JPG,1918,826,motor,861,456,931,584
img85.JPG,1918,826,motor,795,578,882,717
img85.JPG,1918,826,motor,727,415,819,545
img85.JPG,1918,826,motor,391,410,459,509
img85.JPG,1918,826,motor,447,268,493,346
img85.JPG,1918,826,motor,742,237,786,309
img86.JPG,1899,825,motor,831,541,918,690
img86.JPG,1899,825,motor,751,425,838,554
img86.JPG,1899,825,motor,836,330,900,440
img86.JPG,1899,825,motor,115,574,236,746
img86.JPG,1899,825,car,1103,602,1409,825
img86.JPG,1899,825,car,1546,477,1899,760
img86.JPG,1899,825,car,1053,330,1255,501
img86.JPG,1899,825,car,1061,215,1203,299
img86.JPG,1899,825,car,864,173,960,254
img86.JPG,1899,825,truck,70,231,437,384
img86.JPG,1899,825,motor,518,251,565,346
img87.JPG,1920,831,car,605,507,818,753
img87.JPG,1920,831,car,764,395,932,515
img87.JPG,1920,831,car,1,554,282,735
img87.JPG,1920,831,truck,1150,419,1383,686
img87.JPG,1920,831,car,1589,534,1811,729
img87.JPG,1920,831,motor,1396,530,1485,683
img87.JPG,1920,831,motor,1403,403,1473,524
img87.JPG,1920,831,motor,1379,284,1471,357
img87.JPG,1920,831,car,819,256,898,315
img87.JPG,1920,831,car,1007,226,1074,284
img87.JPG,1920,831,motor,655,356,697,438
img87.JPG,1920,831,motor,369,562,491,710
img87.JPG,1920,831,motor,314,484,382,588
img88.JPG,1915,834,car,564,524,846,785
img88.JPG,1915,834,car,1218,553,1407,718
img88.JPG,1915,834,car,816,386,967,526
img88.JPG,1915,834,truck,726,280,851,415
img88.JPG,1915,834,truck,951,255,1057,404
img88.JPG,1915,834,car,1,556,257,733
img88.JPG,1915,834,truck,1351,328,1519,530
img88.JPG,1915,834,motor,912,580,1045,747
img88.JPG,1915,834,motor,423,514,533,688
img88.JPG,1915,834,motor,257,574,353,746
img88.JPG,1915,834,motor,532,381,596,491
img88.JPG,1915,834,motor,609,410,676,513
img88.JPG,1915,834,motor,650,269,692,344
img88.JPG,1915,834,motor,1223,350,1280,454
img89.JPG,1920,840,car,682,306,855,525
img89.JPG,1920,840,truck,943,294,1159,533
img89.JPG,1920,840,bus,826,162,956,321
img89.JPG,1920,840,car,1350,535,1746,804
img89.JPG,1920,840,motor,588,595,700,758
traffic (1).JPG,1912,830,car,713,407,876,610
traffic (1).JPG,1912,830,car,747,310,850,414
traffic (1).JPG,1912,830,car,1195,347,1417,488
traffic (1).JPG,1912,830,truck,1013,440,1384,799
traffic (1).JPG,1912,830,motor,535,484,591,599
traffic (1).JPG,1912,830,motor,565,396,639,492
traffic (1).JPG,1912,830,motor,1739,584,1872,744
traffic (1).JPG,1912,830,motor,398,714,466,830
traffic (1).JPG,1912,830,motor,506,707,602,829
traffic (10).JPG,1916,853,bus,569,374,1049,787
traffic (10).JPG,1916,853,motor,414,461,485,555
traffic (10).JPG,1916,853,motor,436,623,507,723
traffic (10).JPG,1916,853,motor,1552,652,1685,768
traffic (10).JPG,1916,853,car,1033,455,1272,626
traffic (10).JPG,1916,853,car,540,281,627,345
traffic (10).JPG,1916,853,truck,679,257,805,367
traffic (11).JPG,1920,872,truck,320,361,647,569
traffic (11).JPG,1920,872,truck,871,318,983,441
traffic (11).JPG,1920,872,truck,1012,271,1088,355
traffic (11).JPG,1920,872,truck,1000,197,1063,257
traffic (11).JPG,1920,872,car,688,330,842,428
traffic (11).JPG,1920,872,car,733,175,786,230
traffic (11).JPG,1920,872,car,705,215,763,280
traffic (11).JPG,1920,872,car,925,256,995,314
traffic (11).JPG,1920,872,car,796,286,885,324
traffic (11).JPG,1920,872,motor,469,646,610,813
traffic (11).JPG,1920,872,motor,965,709,1085,872
traffic (11).JPG,1920,872,motor,1110,444,1158,561
traffic (11).JPG,1920,872,motor,1252,382,1296,459
traffic (11).JPG,1920,872,motor,1343,346,1376,419
traffic (11).JPG,1920,872,motor,1159,366,1194,443
traffic (11).JPG,1920,872,motor,546,299,575,365
traffic (11).JPG,1920,872,motor,228,349,263,412
traffic (11).JPG,1920,872,motor,286,356,318,409
traffic (11).JPG,1920,872,motor,500,302,531,354
traffic (11).JPG,1920,872,motor,410,315,446,365
traffic (12).JPG,1916,858,car,1232,473,1599,717
traffic (12).JPG,1916,858,car,761,312,911,397
traffic (12).JPG,1916,858,car,861,386,1100,526
traffic (12).JPG,1916,858,car,566,281,693,369
traffic (12).JPG,1916,858,car,842,190,1041,286
traffic (12).JPG,1916,858,motor,651,680,771,854
traffic (12).JPG,1916,858,motor,514,585,593,748
traffic (12).JPG,1916,858,motor,330,547,437,706
traffic (12).JPG,1916,858,motor,909,568,1021,739
traffic (12).JPG,1916,858,motor,1032,533,1129,670
traffic (12).JPG,1916,858,motor,793,454,867,578
traffic (12).JPG,1916,858,motor,682,460,758,563
traffic (12).JPG,1916,858,motor,648,568,755,671
traffic (12).JPG,1916,858,motor,509,478,582,565
traffic (12).JPG,1916,858,motor,305,431,355,526
traffic (12).JPG,1916,858,motor,390,381,446,487
traffic (12).JPG,1916,858,motor,1393,716,1534,853
traffic (12).JPG,1916,858,motor,1253,705,1373,849
traffic (12).JPG,1916,858,motor,513,344,555,416
traffic (12).JPG,1916,858,motor,626,422,679,497
traffic (12).JPG,1916,858,truck,630,196,693,265
traffic (13).JPG,1920,870,truck,999,370,1202,544
traffic (13).JPG,1920,870,truck,583,319,707,437
traffic (13).JPG,1920,870,truck,1247,259,1423,368
traffic (13).JPG,1920,870,truck,1469,314,1746,445
traffic (13).JPG,1920,870,car,746,409,969,558
traffic (13).JPG,1920,870,car,779,314,915,405
traffic (13).JPG,1920,870,car,667,260,758,314
traffic (13).JPG,1920,870,car,517,255,576,301
traffic (13).JPG,1920,870,motor,313,449,363,571
traffic (13).JPG,1920,870,motor,322,632,430,812
traffic (13).JPG,1920,870,motor,605,497,696,629
traffic (13).JPG,1920,870,motor,521,623,637,822
traffic (13).JPG,1920,870,motor,868,655,1046,856
traffic (13).JPG,1920,870,motor,681,698,824,870
traffic (13).JPG,1920,870,motor,727,561,836,686
traffic (13).JPG,1920,870,motor,417,545,491,672
traffic (13).JPG,1920,870,car,1213,709,1727,870
traffic (14).JPG,1919,852,car,520,435,717,629
traffic (14).JPG,1919,852,car,1011,470,1191,638
traffic (14).JPG,1919,852,car,754,313,864,402
traffic (14).JPG,1919,852,car,587,326,706,414
traffic (14).JPG,1919,852,bus,1072,223,1253,421
traffic (14).JPG,1919,852,bus,800,181,926,308
traffic (14).JPG,1919,852,motor,294,584,385,754
traffic (14).JPG,1919,852,motor,511,333,549,404
traffic (14).JPG,1919,852,motor,1389,415,1436,489
traffic (14).JPG,1919,852,motor,861,381,914,452
traffic (14).JPG,1919,852,motor,258,491,314,600
traffic (14).JPG,1919,852,motor,1536,718,1641,852
traffic (14).JPG,1919,852,motor,1799,723,1907,852
traffic (14).JPG,1919,852,motor,124,719,205,852
traffic (14).JPG,1919,852,motor,1668,365,1774,441
traffic (14).JPG,1919,852,motor,1801,363,1896,446
traffic (15).JPG,1920,841,motor,1250,454,1312,567
traffic (15).JPG,1920,841,motor,1460,450,1527,552
traffic (15).JPG,1920,841,motor,1636,483,1742,631
traffic (15).JPG,1920,841,motor,1501,563,1591,699
traffic (15).JPG,1920,841,motor,671,233,688,297
traffic (15).JPG,1920,841,motor,518,239,549,315
traffic (15).JPG,1920,841,motor,459,282,497,355
traffic (15).JPG,1920,841,motor,475,398,528,491
traffic (15).JPG,1920,841,motor,416,533,479,652
traffic (15).JPG,1920,841,motor,916,181,948,242
traffic (15).JPG,1920,841,motor,575,512,636,631
traffic (15).JPG,1920,841,motor,686,626,765,731
traffic (15).JPG,1920,841,motor,596,679,681,833
traffic (15).JPG,1920,841,motor,546,334,594,405
traffic (15).JPG,1920,841,motor,1258,293,1317,378
traffic (15).JPG,1920,841,motor,1302,410,1374,519
traffic (15).JPG,1920,841,car,816,555,1069,841
traffic (15).JPG,1920,841,car,1159,610,1468,836
traffic (15).JPG,1920,841,car,1023,437,1231,600
traffic (15).JPG,1920,841,car,916,282,1071,426
traffic (16).JPG,1916,847,car,452,552,671,766
traffic (16).JPG,1916,847,car,772,350,882,454
traffic (16).JPG,1916,847,car,679,268,778,340
traffic (16).JPG,1916,847,car,842,257,907,308
traffic (16).JPG,1916,847,motor,535,364,583,448
traffic (16).JPG,1916,847,motor,232,470,324,576
traffic (16).JPG,1916,847,motor,1055,378,1086,450
traffic (16).JPG,1916,847,motor,1051,284,1088,340
traffic (16).JPG,1916,847,motor,1124,396,1174,476
traffic (16).JPG,1916,847,motor,1244,382,1297,465
traffic (16).JPG,1916,847,motor,1616,444,1746,548
traffic (16).JPG,1916,847,motor,1776,444,1915,544
traffic (16).JPG,1916,847,motor,1326,363,1405,448
traffic (16).JPG,1916,847,motor,1155,332,1186,387
traffic (16).JPG,1916,847,motor,1568,348,1666,419
traffic (17).JPG,1919,857,motor,879,542,967,683
traffic (17).JPG,1919,857,motor,688,564,801,703
traffic (17).JPG,1919,857,motor,1411,526,1474,673
traffic (17).JPG,1919,857,motor,1348,433,1411,528
traffic (17).JPG,1919,857,motor,1195,549,1272,690
traffic (17).JPG,1919,857,motor,1053,413,1112,512
traffic (17).JPG,1919,857,motor,958,636,1052,800
traffic (17).JPG,1919,857,motor,1125,720,1242,857
traffic (17).JPG,1919,857,motor,733,718,845,857
traffic (17).JPG,1919,857,motor,1198,378,1232,459
traffic (17).JPG,1919,857,motor,1269,286,1299,339
traffic (17).JPG,1919,857,motor,1272,400,1305,491
traffic (17).JPG,1919,857,motor,954,374,1017,452
traffic (17).JPG,1919,857,car,548,449,854,590
traffic (17).JPG,1919,857,car,11,457,329,666
traffic (17).JPG,1919,857,car,724,286,825,365
traffic (17).JPG,1919,857,truck,445,303,751,464
traffic (17).JPG,1919,857,bus,915,226,1063,370
traffic (17).JPG,1919,857,truck,722,175,793,247
traffic (17).JPG,1919,857,car,645,237,714,289
traffic (18).JPG,1920,866,car,767,341,920,447
traffic (18).JPG,1920,866,car,671,263,764,326
traffic (18).JPG,1920,866,car,728,187,833,274
traffic (18).JPG,1920,866,car,570,301,684,383
traffic (18).JPG,1920,866,bus,385,188,484,291
traffic (18).JPG,1920,866,motor,1080,470,1175,601
traffic (18).JPG,1920,866,motor,770,620,885,803
traffic (18).JPG,1920,866,motor,552,672,692,863
traffic (18).JPG,1920,866,motor,564,506,642,649
traffic (18).JPG,1920,866,motor,448,531,543,679
traffic (18).JPG,1920,866,motor,273,562,367,735
traffic (18).JPG,1920,866,motor,1175,773,1307,866
traffic (18).JPG,1920,866,motor,1178,645,1333,827
traffic (18).JPG,1920,866,motor,239,410,284,506
traffic (18).JPG,1920,866,motor,310,387,357,473
traffic (18).JPG,1920,866,motor,394,398,441,488
traffic (19).JPG,1920,848,car,617,371,833,548
traffic (19).JPG,1920,848,car,792,329,989,465
traffic (19).JPG,1920,848,car,983,550,1444,843
traffic (19).JPG,1920,848,car,1416,575,1920,843
traffic (19).JPG,1920,848,motor,397,584,500,759
traffic (19).JPG,1920,848,motor,531,590,632,757
traffic (19).JPG,1920,848,motor,480,492,564,608
traffic (19).JPG,1920,848,motor,301,327,357,406
traffic (19).JPG,1920,848,motor,490,355,539,440
traffic (19).JPG,1920,848,truck,664,213,789,316
traffic (19).JPG,1920,848,truck,437,222,575,366
traffic (19).JPG,1920,848,car,1015,212,1104,266
traffic (19).JPG,1920,848,car,1500,329,1723,429
traffic (19).JPG,1920,848,car,1365,270,1489,329
traffic (19).JPG,1920,848,truck,1738,317,1913,440
traffic (19).JPG,1920,848,car,569,255,637,312
traffic (2).JPG,1917,848,bus,736,222,1161,532
traffic (2).JPG,1917,848,car,1347,282,1515,368
traffic (2).JPG,1917,848,car,1119,242,1224,291
traffic (2).JPG,1917,848,car,571,353,732,453
traffic (2).JPG,1917,848,car,515,271,625,344
traffic (2).JPG,1917,848,truck,1631,316,1917,469
traffic (2).JPG,1917,848,motor,399,571,500,752
traffic (2).JPG,1917,848,motor,586,626,707,828
traffic (2).JPG,1917,848,motor,653,491,734,618
traffic (2).JPG,1917,848,motor,1171,689,1345,848
traffic (2).JPG,1917,848,motor,1488,631,1651,818
traffic (2).JPG,1917,848,motor,439,311,488,374
traffic (2).JPG,1917,848,car,503,200,552,238
traffic (2).JPG,1917,848,truck,67,157,186,234
traffic (20).JPG,1920,869,truck,1005,417,1227,748
traffic (20).JPG,1920,869,truck,1017,213,1097,314
traffic (20).JPG,1920,869,car,638,471,825,632
traffic (20).JPG,1920,869,car,783,238,843,285
traffic (20).JPG,1920,869,car,875,229,938,284
traffic (20).JPG,1920,869,car,842,202,888,237
traffic (20).JPG,1920,869,truck,937,139,991,193
traffic (20).JPG,1920,869,car,913,196,962,233
traffic (20).JPG,1920,869,motor,1536,547,1607,669
traffic (20).JPG,1920,869,motor,1654,370,1771,440
traffic (20).JPG,1920,869,motor,1389,387,1443,461
traffic (20).JPG,1920,869,motor,1663,707,1784,866
traffic (20).JPG,1920,869,motor,1488,669,1570,824
traffic (20).JPG,1920,869,motor,879,463,942,581
traffic (20).JPG,1920,869,motor,669,323,709,398
traffic (20).JPG,1920,869,motor,885,308,917,368
traffic (20).JPG,1920,869,motor,1047,333,1078,398
traffic (20).JPG,1920,869,motor,37,612,144,717
traffic (21).JPG,1920,862,motor,754,619,847,785
traffic (21).JPG,1920,862,motor,992,604,1075,764
traffic (21).JPG,1920,862,motor,1199,499,1255,613
traffic (21).JPG,1920,862,motor,1367,426,1421,523
traffic (21).JPG,1920,862,motor,1125,372,1167,452
traffic (21).JPG,1920,862,motor,980,459,1054,567
traffic (21).JPG,1920,862,motor,996,391,1057,470
traffic (21).JPG,1920,862,motor,1309,323,1341,376
traffic (21).JPG,1920,862,motor,1179,312,1220,378
traffic (21).JPG,1920,862,car,1,543,526,853
traffic (21).JPG,1920,862,motor,785,487,878,613
traffic (21).JPG,1920,862,motor,659,393,883,517
traffic (21).JPG,1920,862,car,583,345,767,434
traffic (21).JPG,1920,862,car,607,250,697,315
traffic (21).JPG,1920,862,car,737,196,795,243
traffic (21).JPG,1920,862,car,509,244,592,324
traffic (21).JPG,1920,862,motor,411,309,442,380
traffic (21).JPG,1920,862,motor,350,318,384,389
traffic (22).JPG,1916,852,car,678,328,944,524
traffic (22).JPG,1916,852,car,1404,319,1595,400
traffic (22).JPG,1916,852,car,932,209,1086,271
traffic (22).JPG,1916,852,car,645,251,729,307
traffic (22).JPG,1916,852,car,702,194,760,235
traffic (22).JPG,1916,852,car,1582,319,1718,383
traffic (22).JPG,1916,852,car,511,239,573,293
traffic (22).JPG,1916,852,motor,594,503,681,631
traffic (22).JPG,1916,852,motor,248,578,344,740
traffic (22).JPG,1916,852,motor,384,647,494,831
traffic (22).JPG,1916,852,motor,581,665,692,852
traffic (22).JPG,1916,852,motor,495,434,555,539
traffic (22).JPG,1916,852,motor,411,500,486,635
traffic (22).JPG,1916,852,motor,332,429,393,539
traffic (22).JPG,1916,852,motor,436,375,486,460
traffic (22).JPG,1916,852,motor,282,365,320,446
traffic (22).JPG,1916,852,motor,353,367,400,438
traffic (22).JPG,1916,852,motor,768,663,879,852
traffic (22).JPG,1916,852,motor,805,519,884,644
traffic (22).JPG,1916,852,motor,536,368,589,460
traffic (23).JPG,1920,839,car,795,536,1028,727
traffic (23).JPG,1920,839,car,922,409,1111,523
traffic (23).JPG,1920,839,motor,496,423,547,514
traffic (23).JPG,1920,839,car,402,277,499,365
traffic (23).JPG,1920,839,car,667,259,743,313
traffic (23).JPG,1920,839,motor,395,391,448,487
traffic (23).JPG,1920,839,motor,294,330,336,408
traffic (23).JPG,1920,839,motor,639,746,705,839
traffic (23).JPG,1920,839,car,378,217,439,262
traffic (24).JPG,1919,855,truck,433,412,756,847
traffic (24).JPG,1919,855,truck,763,259,882,410
traffic (24).JPG,1919,855,truck,859,185,949,293
traffic (24).JPG,1919,855,car,1030,507,1242,715
traffic (24).JPG,1919,855,car,1040,278,1126,349
traffic (24).JPG,1919,855,car,1010,204,1083,257
traffic (24).JPG,1919,855,motor,901,537,966,658
traffic (24).JPG,1919,855,motor,1678,623,1785,774
traffic (24).JPG,1919,855,motor,1340,501,1408,619
traffic (24).JPG,1919,855,motor,1533,507,1600,628
traffic (24).JPG,1919,855,motor,937,400,993,498
traffic (24).JPG,1919,855,motor,924,301,964,368
traffic (24).JPG,1919,855,motor,1458,394,1499,475
traffic (24).JPG,1919,855,bus,1159,261,1424,502
traffic (25).JPG,1914,842,bus,679,218,862,455
traffic (25).JPG,1914,842,car,1144,280,1303,363
traffic (25).JPG,1914,842,car,973,410,1189,590
traffic (25).JPG,1914,842,car,895,281,1047,414
traffic (25).JPG,1914,842,car,836,242,928,309
traffic (25).JPG,1914,842,motor,944,609,1029,740
traffic (25).JPG,1914,842,motor,814,657,899,804
traffic (25).JPG,1914,842,motor,1132,732,1241,842
traffic (25).JPG,1914,842,motor,1260,598,1387,751
traffic (25).JPG,1914,842,motor,1454,662,1586,826
traffic (25).JPG,1914,842,motor,1699,566,1808,722
traffic (25).JPG,1914,842,motor,1455,464,1547,585
traffic (25).JPG,1914,842,motor,1394,372,1460,477
traffic (25).JPG,1914,842,motor,1276,475,1366,605
traffic (25).JPG,1914,842,motor,806,533,872,647
traffic (25).JPG,1914,842,motor,659,686,744,824
traffic (25).JPG,1914,842,motor,525,698,609,832
traffic (25).JPG,1914,842,motor,400,708,484,840
traffic (25).JPG,1914,842,motor,290,708,379,836
traffic (25).JPG,1914,842,motor,704,502,760,616
traffic (25).JPG,1914,842,motor,855,471,916,590
traffic (25).JPG,1914,842,motor,571,603,648,727
traffic (25).JPG,1914,842,motor,467,536,544,674
traffic (25).JPG,1914,842,motor,351,560,426,683
traffic (25).JPG,1914,842,motor,914,720,990,838
traffic (25).JPG,1914,842,motor,1547,432,1627,537
traffic (25).JPG,1914,842,motor,1822,543,1904,683
traffic (25).JPG,1914,842,motor,1178,413,1232,510
traffic (25).JPG,1914,842,motor,465,438,509,532
traffic (25).JPG,1914,842,motor,362,490,422,554
traffic (25).JPG,1914,842,car,667,79,715,126
traffic (26).JPG,1918,854,truck,678,350,901,527
traffic (26).JPG,1918,854,car,1016,335,1145,481
traffic (26).JPG,1918,854,car,432,413,662,532
traffic (26).JPG,1918,854,car,1,601,308,843
traffic (26).JPG,1918,854,car,569,297,691,418
traffic (26).JPG,1918,854,truck,727,176,794,241
traffic (26).JPG,1918,854,car,641,221,698,272
traffic (26).JPG,1918,854,car,553,229,621,288
traffic (26).JPG,1918,854,motor,954,573,1046,727
traffic (26).JPG,1918,854,motor,1138,519,1222,660
traffic (26).JPG,1918,854,motor,1253,330,1295,390
traffic (26).JPG,1918,854,motor,1288,274,1315,314
traffic (26).JPG,1918,854,motor,484,331,535,399
traffic (26).JPG,1918,854,motor,211,327,254,393
traffic (26).JPG,1918,854,motor,325,300,352,383
traffic (26).JPG,1918,854,motor,404,303,442,369
traffic (27).JPG,1920,868,motor,663,523,753,696
traffic (27).JPG,1920,868,motor,470,690,570,868
traffic (27).JPG,1920,868,motor,450,362,497,454
traffic (27).JPG,1920,868,motor,1031,364,1097,463
traffic (27).JPG,1920,868,motor,758,442,832,552
traffic (27).JPG,1920,868,car,664,306,811,385
traffic (27).JPG,1920,868,car,492,264,581,322
traffic (27).JPG,1920,868,truck,1013,549,1528,868
traffic (27).JPG,1920,868,car,841,352,1027,484
traffic (27).JPG,1920,868,truck,828,206,1011,285
traffic (27).JPG,1920,868,truck,1415,289,1633,416
traffic (27).JPG,1920,868,car,1218,276,1322,336
traffic (27).JPG,1920,868,car,627,243,705,302
traffic (28).JPG,1917,876,car,1274,601,1595,831
traffic (28).JPG,1917,876,truck,952,363,1094,541
traffic (28).JPG,1917,876,truck,610,385,824,636
traffic (28).JPG,1917,876,truck,818,259,910,361
traffic (28).JPG,1917,876,motor,403,489,465,610
traffic (28).JPG,1917,876,motor,160,675,266,843
traffic (28).JPG,1917,876,motor,886,472,921,571
traffic (28).JPG,1917,876,motor,481,403,526,485
traffic (28).JPG,1917,876,motor,1168,398,1208,472
traffic (28).JPG,1917,876,motor,1390,490,1473,594
traffic (28).JPG,1917,876,motor,1592,562,1684,694
traffic (28).JPG,1917,876,motor,546,338,589,399
traffic (28).JPG,1917,876,motor,647,298,676,354
traffic (28).JPG,1917,876,motor,1352,347,1392,410
traffic (28).JPG,1917,876,car,665,333,773,395
traffic (29).JPG,1919,846,motor,429,516,487,637
traffic (29).JPG,1919,846,motor,383,318,427,385
traffic (29).JPG,1919,846,motor,473,327,504,383
traffic (29).JPG,1919,846,car,636,537,909,795
traffic (29).JPG,1919,846,bus,708,306,1245,759
traffic (29).JPG,1919,846,car,591,293,712,418
traffic (29).JPG,1919,846,car,483,218,559,284
traffic (30).JPG,1920,874,car,1171,534,1525,744
traffic (30).JPG,1920,874,car,862,344,1026,465
traffic (30).JPG,1920,874,car,1512,325,1621,387
traffic (30).JPG,1920,874,truck,670,314,873,476
traffic (30).JPG,1920,874,truck,552,237,674,381
traffic (30).JPG,1920,874,truck,1099,223,1216,299
traffic (30).JPG,1920,874,truck,1316,272,1509,397
traffic (30).JPG,1920,874,bus,400,215,506,331
traffic (30).JPG,1920,874,car,1260,266,1346,304
traffic (30).JPG,1920,874,motor,395,573,474,704
traffic (30).JPG,1920,874,motor,392,487,450,571
traffic (30).JPG,1920,874,motor,796,505,876,641
traffic (30).JPG,1920,874,motor,883,619,988,773
traffic (30).JPG,1920,874,motor,349,382,395,467
traffic (30).JPG,1920,874,motor,407,379,450,467
traffic (30).JPG,1920,874,motor,671,463,732,528
traffic (30).JPG,1920,874,motor,933,539,1037,700
traffic (30).JPG,1920,874,motor,953,730,1073,874
traffic (30).JPG,1920,874,motor,1036,283,1101,337
traffic (30).JPG,1920,874,motor,336,298,384,367
traffic (31).JPG,1920,851,motor,648,496,715,626
traffic (31).JPG,1920,851,motor,546,500,600,619
traffic (31).JPG,1920,851,motor,431,496,499,655
traffic (31).JPG,1920,851,motor,363,454,427,588
traffic (31).JPG,1920,851,motor,415,367,470,463
traffic (31).JPG,1920,851,motor,497,351,542,431
traffic (31).JPG,1920,851,motor,541,383,581,483
traffic (31).JPG,1920,851,motor,643,257,690,346
traffic (31).JPG,1920,851,motor,581,270,620,340
traffic (31).JPG,1920,851,motor,702,394,758,507
traffic (31).JPG,1920,851,motor,622,425,660,515
traffic (31).JPG,1920,851,motor,270,665,370,814
traffic (31).JPG,1920,851,motor,696,724,780,851
traffic (31).JPG,1920,851,motor,1517,529,1613,671
traffic (31).JPG,1920,851,motor,1273,303,1327,392
traffic (31).JPG,1920,851,motor,776,335,816,435
traffic (31).JPG,1920,851,motor,738,272,775,336
traffic (31).JPG,1920,851,car,796,534,1021,766
traffic (31).JPG,1920,851,car,1146,697,1473,851
traffic (31).JPG,1920,851,car,1037,502,1289,698
traffic (31).JPG,1920,851,car,930,351,1095,491
traffic (31).JPG,1920,851,car,830,260,954,355
traffic (31).JPG,1920,851,car,683,171,741,238
traffic (31).JPG,1920,851,truck,794,120,889,224
traffic (32).JPG,1920,843,car,786,688,1025,843
traffic (32).JPG,1920,843,car,748,435,936,653
traffic (32).JPG,1920,843,car,995,479,1260,715
traffic (32).JPG,1920,843,car,954,374,1105,476
traffic (32).JPG,1920,843,car,730,313,852,419
traffic (32).JPG,1920,843,car,878,268,1021,364
traffic (32).JPG,1920,843,car,707,211,790,292
traffic (32).JPG,1920,843,car,681,132,734,193
traffic (32).JPG,1920,843,car,1211,656,1526,843
traffic (32).JPG,1920,843,truck,799,134,920,277
traffic (32).JPG,1920,843,motor,500,559,581,684
traffic (32).JPG,1920,843,motor,592,669,673,809
traffic (32).JPG,1920,843,motor,357,667,430,821
traffic (32).JPG,1920,843,motor,434,704,492,843
traffic (32).JPG,1920,843,motor,524,710,580,843
traffic (32).JPG,1920,843,motor,359,459,428,566
traffic (32).JPG,1920,843,motor,426,351,511,447
traffic (32).JPG,1920,843,motor,570,417,620,525
traffic (32).JPG,1920,843,motor,1120,343,1167,440
traffic (32).JPG,1920,843,motor,1283,419,1341,548
traffic (32).JPG,1920,843,motor,1470,467,1554,582
traffic (32).JPG,1920,843,motor,1591,479,1690,608
traffic (32).JPG,1920,843,motor,1547,751,1653,843
traffic (32).JPG,1920,843,motor,1802,762,1887,843
traffic (32).JPG,1920,843,motor,1412,592,1501,741
traffic (32).JPG,1920,843,motor,537,357,573,437
traffic (32).JPG,1920,843,motor,943,172,991,240
traffic (32).JPG,1920,843,motor,1153,243,1197,327
traffic (32).JPG,1920,843,motor,618,222,662,287
traffic (32).JPG,1920,843,motor,576,214,607,267
traffic (33).JPG,1920,856,motor,900,542,1002,690
traffic (33).JPG,1920,856,motor,794,596,886,763
traffic (33).JPG,1920,856,motor,649,727,781,856
traffic (33).JPG,1920,856,motor,1139,701,1281,856
traffic (33).JPG,1920,856,motor,570,490,636,616
traffic (33).JPG,1920,856,motor,439,458,496,578
traffic (33).JPG,1920,856,motor,495,421,544,523
traffic (33).JPG,1920,856,motor,728,468,804,596
traffic (33).JPG,1920,856,motor,643,410,706,520
traffic (33).JPG,1920,856,motor,571,364,630,457
traffic (33).JPG,1920,856,motor,822,452,888,577
traffic (33).JPG,1920,856,motor,341,343,388,432
traffic (33).JPG,1920,856,motor,392,333,446,412
traffic (33).JPG,1920,856,motor,275,322,327,400
traffic (33).JPG,1920,856,car,936,400,1165,543
traffic (33).JPG,1920,856,truck,641,243,850,414
traffic (33).JPG,1920,856,car,489,305,607,378
traffic (33).JPG,1920,856,car,562,252,636,317
traffic (33).JPG,1920,856,car,1478,679,1920,851
traffic (33).JPG,1920,856,car,1574,372,1820,473
traffic (33).JPG,1920,856,car,1410,275,1546,341
traffic (33).JPG,1920,856,car,1234,256,1373,320
traffic (33).JPG,1920,856,truck,1107,237,1217,306
traffic (33).JPG,1920,856,car,980,216,1067,263
traffic (34).JPG,1920,854,car,1111,509,1438,734
traffic (34).JPG,1920,854,car,1426,303,1621,405
traffic (34).JPG,1920,854,car,1657,389,1920,522
traffic (34).JPG,1920,854,car,631,300,776,413
traffic (34).JPG,1920,854,car,1274,243,1386,304
traffic (34).JPG,1920,854,truck,537,197,643,318
traffic (34).JPG,1920,854,truck,647,179,742,281
traffic (34).JPG,1920,854,motor,428,481,495,620
traffic (34).JPG,1920,854,motor,864,510,939,658
traffic (34).JPG,1920,854,motor,767,409,831,518
traffic (34).JPG,1920,854,motor,643,447,716,572
traffic (34).JPG,1920,854,motor,534,358,609,446
traffic (34).JPG,1920,854,motor,402,371,462,457
traffic (34).JPG,1920,854,motor,1597,714,1741,854
traffic (34).JPG,1920,854,car,1095,198,1264,299
traffic (34).JPG,1920,854,car,1758,353,1920,402
traffic (35).JPG,1916,837,car,767,364,903,508
traffic (35).JPG,1916,837,car,869,218,968,313
traffic (35).JPG,1916,837,car,928,327,1037,450
traffic (35).JPG,1916,837,car,686,238,787,317
traffic (35).JPG,1916,837,car,800,147,869,198
traffic (35).JPG,1916,837,car,694,163,761,218
traffic (35).JPG,1916,837,car,593,158,652,210
traffic (35).JPG,1916,837,truck,993,366,1340,698
traffic (35).JPG,1916,837,motor,732,581,825,765
traffic (35).JPG,1916,837,motor,497,648,602,812
traffic (35).JPG,1916,837,motor,369,671,451,822
traffic (35).JPG,1916,837,motor,362,448,436,565
traffic (35).JPG,1916,837,motor,571,481,632,632
traffic (35).JPG,1916,837,motor,466,389,523,486
traffic (35).JPG,1916,837,motor,418,348,463,442
traffic (35).JPG,1916,837,motor,616,387,663,489
traffic (35).JPG,1916,837,motor,563,398,603,481
traffic (35).JPG,1916,837,motor,676,401,728,510
traffic (35).JPG,1916,837,motor,1378,552,1461,716
traffic (35).JPG,1916,837,motor,1545,486,1655,622
traffic (35).JPG,1916,837,motor,1682,632,1818,793
traffic (35).JPG,1916,837,motor,1468,359,1592,465
traffic (35).JPG,1916,837,motor,621,311,666,377
traffic (4).JPG,1920,837,car,1113,549,1537,793
traffic (4).JPG,1920,837,car,820,693,1155,837
traffic (4).JPG,1920,837,bus,602,248,907,458
traffic (4).JPG,1920,837,truck,936,324,1207,538
traffic (4).JPG,1920,837,motor,585,505,641,619
traffic (4).JPG,1920,837,motor,396,584,462,696
traffic (4).JPG,1920,837,motor,400,458,442,553
traffic (4).JPG,1920,837,motor,649,691,742,826
traffic (4).JPG,1920,837,motor,463,328,497,402
traffic (4).JPG,1920,837,motor,396,343,423,410
traffic (4).JPG,1920,837,truck,537,218,602,321
traffic (5).JPG,1919,840,motor,335,361,367,448
traffic (5).JPG,1919,840,motor,312,587,388,693
traffic (5).JPG,1919,840,motor,672,740,759,840
traffic (5).JPG,1919,840,car,698,365,868,490
traffic (5).JPG,1919,840,car,869,475,1127,676
traffic (5).JPG,1919,840,car,791,712,1102,840
traffic (5).JPG,1919,840,car,558,254,657,329
traffic (5).JPG,1919,840,car,410,261,500,317
traffic (5).JPG,1919,840,truck,477,171,554,257
traffic (5).JPG,1919,840,truck,708,262,863,375
traffic (5).JPG,1919,840,truck,978,349,1285,574
traffic (5).JPG,1919,840,truck,1216,635,1659,840
traffic (5).JPG,1919,840,truck,1436,512,1919,837
traffic (6).JPG,1912,836,car,1032,556,1364,823
traffic (6).JPG,1912,836,truck,926,305,1188,554
traffic (6).JPG,1912,836,truck,774,476,924,646
traffic (6).JPG,1912,836,motor,1322,522,1398,671
traffic (6).JPG,1912,836,motor,1626,526,1736,662
traffic (6).JPG,1912,836,motor,1424,723,1519,836
traffic (6).JPG,1912,836,motor,620,544,703,679
traffic (6).JPG,1912,836,motor,394,548,475,669
traffic (6).JPG,1912,836,motor,454,678,531,778
traffic (6).JPG,1912,836,motor,683,689,752,812
traffic (6).JPG,1912,836,motor,586,657,666,794
traffic (6).JPG,1912,836,motor,543,709,582,813
traffic (6).JPG,1912,836,motor,763,635,849,741
traffic (7).JPG,1918,832,motor,936,649,1020,824
traffic (7).JPG,1918,832,motor,801,744,888,828
traffic (7).JPG,1918,832,motor,683,688,767,821
traffic (7).JPG,1918,832,motor,542,749,609,832
traffic (7).JPG,1918,832,motor,446,776,493,832
traffic (7).JPG,1918,832,motor,324,684,411,830
traffic (7).JPG,1918,832,motor,469,674,529,779
traffic (7).JPG,1918,832,motor,401,607,463,723
traffic (7).JPG,1918,832,motor,514,593,580,710
traffic (7).JPG,1918,832,motor,598,655,670,783
traffic (7).JPG,1918,832,motor,779,628,856,731
traffic (7).JPG,1918,832,motor,638,574,710,673
traffic (7).JPG,1918,832,motor,322,530,389,667
traffic (7).JPG,1918,832,motor,410,541,464,598
traffic (7).JPG,1918,832,motor,482,515,531,632
traffic (7).JPG,1918,832,motor,577,526,630,635
traffic (7).JPG,1918,832,motor,1325,593,1414,744
traffic (7).JPG,1918,832,motor,1443,728,1516,832
traffic (7).JPG,1918,832,motor,1574,714,1676,832
traffic (7).JPG,1918,832,motor,1419,410,1504,525
traffic (7).JPG,1918,832,motor,1148,352,1199,421
traffic (7).JPG,1918,832,motor,1329,313,1385,408
traffic (7).JPG,1918,832,motor,1180,283,1231,360
traffic (7).JPG,1918,832,car,1045,550,1356,809
traffic (7).JPG,1918,832,truck,691,261,853,419
traffic (7).JPG,1918,832,truck,774,479,931,649
traffic (7).JPG,1918,832,truck,942,300,1179,553
traffic (8).JPG,1920,872,truck,1463,504,1920,868
traffic (8).JPG,1920,872,truck,859,276,1106,451
traffic (8).JPG,1920,872,truck,665,257,776,378
traffic (8).JPG,1920,872,car,785,381,994,534
traffic (8).JPG,1920,872,car,1463,308,1638,390
traffic (8).JPG,1920,872,truck,1199,222,1343,333
traffic (8).JPG,1920,872,truck,1738,338,1920,481
traffic (8).JPG,1920,872,car,1349,272,1416,325
traffic (8).JPG,1920,872,motor,636,564,747,754
traffic (8).JPG,1920,872,motor,444,746,538,872
traffic (8).JPG,1920,872,motor,758,773,874,865
traffic (8).JPG,1920,872,motor,747,480,831,625
traffic (8).JPG,1920,872,motor,385,324,430,396
traffic (9).JPG,1919,836,motor,1247,411,1330,555
traffic (9).JPG,1919,836,motor,1269,642,1404,820
traffic (9).JPG,1919,836,motor,773,510,849,638
traffic (9).JPG,1919,836,motor,690,381,748,491
traffic (9).JPG,1919,836,motor,590,405,630,518
traffic (9).JPG,1919,836,motor,521,505,579,633
traffic (9).JPG,1919,836,motor,574,642,652,816
traffic (9).JPG,1919,836,motor,446,680,516,836
traffic (9).JPG,1919,836,motor,333,716,405,836
traffic (9).JPG,1919,836,motor,461,428,516,530
traffic (9).JPG,1919,836,motor,840,410,891,515
traffic (9).JPG,1919,836,car,694,672,916,836
traffic (9).JPG,1919,836,car,894,436,1119,679
traffic (9).JPG,1919,836,car,908,297,1088,431
traffic (9).JPG,1919,836,car,1020,255,1125,355
traffic (9).JPG,1919,836,car,819,185,915,290
traffic (9).JPG,1919,836,motor,568,320,617,400
traffic (9).JPG,1919,836,motor,443,369,488,430
traffic (9).JPG,1919,836,motor,649,281,693,353
truck (1).jpg,600,383,truck,54,47,550,353
truck (10).jpg,259,194,truck,20,36,216,168
truck (11).jpg,275,183,truck,41,19,232,169
truck (12).jpg,600,435,truck,72,69,544,385
truck (13).jpg,544,338,truck,72,17,472,274
truck (14).jpg,630,472,truck,119,78,565,423
truck (15).jpg,470,320,truck,164,112,331,258
truck (15).jpg,470,320,truck,13,114,159,250
truck (15).jpg,470,320,truck,332,144,366,224
truck (16).jpg,650,400,truck,51,32,568,369
truck (16).jpg,650,400,truck,575,84,650,279
truck (17).jpg,436,336,truck,45,29,318,327
truck (18).jpg,1600,899,truck,117,111,1407,862
truck (19).jpg,596,451,truck,45,73,518,427
truck (2).jpg,700,525,truck,150,65,613,400
truck (20).jpg,230,172,truck,21,35,225,159
truck (21).jpg,650,406,truck,130,167,204,268
truck (21).jpg,650,406,truck,239,241,358,377
truck (21).jpg,650,406,truck,414,158,492,242
truck (21).jpg,650,406,truck,206,72,239,105
truck (21).jpg,650,406,motor,51,209,69,260
truck (21).jpg,650,406,motor,555,179,575,217
truck (21).jpg,650,406,truck,329,65,351,85
truck (21).jpg,650,406,bus,242,136,308,224
truck (21).jpg,650,406,car,517,289,632,388
truck (22).jpg,800,534,truck,62,112,720,467
truck (23).jpg,600,400,truck,138,142,294,327
truck (23).jpg,600,400,truck,311,81,511,318
truck (23).jpg,600,400,car,69,192,122,231
truck (23).jpg,600,400,car,548,186,583,212
truck (23).jpg,600,400,truck,557,163,574,178
truck (24).jpg,276,183,truck,120,50,215,141
truck (24).jpg,276,183,motor,233,105,247,120
truck (3).jpg,600,400,truck,1,140,222,327
truck (3).jpg,600,400,truck,224,158,378,304
truck (3).jpg,600,400,truck,359,167,484,287
truck (3).jpg,600,400,truck,467,183,542,266
truck (3).jpg,600,400,truck,545,179,600,272
truck (4).JPG,333,250,truck,108,36,324,201
truck (4).JPG,333,250,truck,28,68,104,178
truck (5).jpg,582,370,truck,55,11,538,341
truck (6).jpg,299,169,truck,49,15,243,158
truck (7).jpg,259,194,truck,27,27,228,170
truck (8).jpg,259,194,truck,23,22,124,155
truck (8).jpg,259,194,truck,133,24,238,151
truck (9).jpg,306,165,truck,66,71,137,120
truck (9).jpg,306,165,truck,140,69,192,119
